SubjectID,width,sound2,threshold,slope,lapse,guess,eta,deviance,residuals,loglikelihood
GB727,0.450000,Sa,0.995129,0.147265,0.398655,0.439306,0.000000,1.909677,0.047015,47.349907
GB727,0.450000,Sha,3.368871,0.918676,0.346281,0.449989,0.000111,0.380934,0.008884,47.093408
GB727,0.450000,Single,7.506070,2.955219,0.449999,0.442195,0.000034,6.717236,0.163223,44.826277
