SubjectID,width,sound2,threshold,slope,lapse,guess,eta,deviance,residuals,loglikelihood
HB240,0.200000,Sa,2.276003,1.158749,0.199954,0.000000,0.000000,1.538673,0.029530,39.557871
HB240,0.200000,Sha,3.504298,0.732834,0.200000,0.000035,0.000000,0.959478,0.021492,40.242372
HB240,0.200000,Single,3.665422,3.414397,0.089611,0.031788,0.000000,7.483153,0.048949,16.509708
