SubjectID,width,sound2,threshold,slope,lapse,guess,eta,deviance,residuals,loglikelihood
HB631,0.100000,Sa,4.472665,0.700186,0.099947,0.100000,0.000000,3.149402,0.052699,40.041016
HB631,0.100000,Sha,3.276657,1.000663,0.089414,0.100000,0.000000,1.432339,0.022028,36.078584
HB631,0.100000,Single,3.963301,0.563039,0.000157,0.100000,0.000000,4.909527,0.098831,38.936398
