SubjectID,width,sound2,threshold,slope,lapse,guess,eta,deviance,residuals,loglikelihood
HB742,0.050000,Ba,4.158796,0.223095,0.036075,0.050000,0.000000,3.858075,0.089364,45.165961
HB742,0.050000,Da,3.108328,0.147222,0.050000,0.049705,0.001099,10.011420,0.242054,45.988790
HB742,0.050000,Single,3.268274,0.345189,0.049709,0.000000,0.000000,1.533024,0.033414,44.343132
