SubjectID,width,sound2,threshold,slope,lapse,guess,eta,deviance,residuals,loglikelihood
GB762,0.300000,Ba,4.879756,3.063811,0.016813,0.050117,0.000000,5.389840,0.032023,15.861132
GB762,0.300000,Da,5.393692,3.477807,0.050231,0.062494,0.000000,9.433906,0.070091,14.756513
GB762,0.300000,Single,4.983864,3.130434,0.182232,0.076219,0.000000,2.617321,0.015777,26.692009
