SubjectID,width,sound2,threshold,slope,lapse,guess,eta,deviance,residuals,loglikelihood
IB526,0.200000,Ba,3.536345,3.155037,0.153085,0.178497,0.000000,6.914282,0.081446,30.480188
IB526,0.200000,Da,3.602780,3.215112,0.000000,0.000000,0.000155,0.436260,0.001151,8.254854
IB526,0.200000,Single,3.284088,2.106907,0.054044,0.076612,0.000000,1.616280,0.006949,24.737460
