SubjectID,width,sound2,threshold,slope,lapse,guess,eta,deviance,residuals,loglikelihood
HB747,0.100000,Sa,0.947487,0.231457,0.000000,0.100000,0.001225,3.541821,0.068152,39.759226
HB747,0.100000,Sha,4.768840,0.147222,0.092692,0.027867,0.000000,12.305104,0.292323,42.617040
HB747,0.100000,Single,2.868816,0.147222,0.035725,0.100000,0.001927,4.623146,0.107563,46.190145
