SubjectID,width,sound2,threshold,slope,lapse,guess,eta,deviance,residuals,loglikelihood
IB594,0.350000,Sa,4.288910,3.080433,0.039983,0.032651,0.000000,4.053864,0.013766,15.861132
IB594,0.350000,Sha,4.376610,3.531736,0.138076,0.055490,0.000000,8.200758,0.076969,19.760538
IB594,0.350000,Single,3.978118,2.970825,0.035012,0.000000,0.000000,4.109471,0.024024,13.231776
