SubjectID,width,sound2,threshold,slope,lapse,guess,eta,deviance,residuals,loglikelihood
IB594,0.200000,Sa,4.289088,3.081189,0.040124,0.032732,0.000000,4.053440,0.013769,15.861132
IB594,0.200000,Sha,4.376385,3.531572,0.138118,0.055512,0.000000,8.201035,0.076982,19.760538
IB594,0.200000,Single,3.977730,2.973067,0.035182,0.000000,0.000000,4.109240,0.024062,13.231776
