SubjectID,width,sound2,threshold,slope,lapse,guess,eta,deviance,residuals,loglikelihood
IB748,0.350000,Sa,3.215218,1.519561,0.064090,0.072647,0.000000,2.582239,0.019204,28.243849
IB748,0.350000,Sha,3.657405,0.952837,0.048700,0.000000,0.000000,4.413128,0.057377,30.709585
IB748,0.350000,Single,3.761478,3.225985,0.065887,0.123900,0.000000,3.141796,0.023479,24.115986
