SubjectID,width,sound2,threshold,slope,lapse,guess,eta,deviance,residuals,loglikelihood
HB639,0.250000,Sa,2.696646,3.139477,0.041939,0.133053,0.000000,4.172372,0.031543,19.760538
HB639,0.250000,Sha,3.341911,3.158400,0.156502,0.000000,0.000000,7.543370,0.090423,19.988995
HB639,0.250000,Single,2.646046,2.647029,0.052559,0.000000,0.000000,4.218903,0.023230,18.235800
