SubjectID,width,sound2,threshold,slope,lapse,guess,eta,deviance,residuals,loglikelihood
HB429,0.250000,Sa,3.934720,3.365978,0.033424,0.101936,0.000000,10.911291,0.077959,16.089589
HB429,0.250000,Sha,4.984893,1.055356,0.250000,0.145192,0.000000,8.520655,0.119267,36.481295
HB429,0.250000,Single,3.585672,2.553139,0.054953,0.000000,0.000000,1.871839,0.006291,17.614327
