SubjectID,width,sound2,threshold,slope,lapse,guess,eta,deviance,residuals,loglikelihood
JB675,0.050000,Ba,4.066070,1.766664,0.050000,0.000000,0.000204,10.260553,0.130498,20.472140
JB675,0.050000,Da,3.915757,3.345388,0.000000,0.032328,0.000000,3.653091,0.012007,9.980946
JB675,0.050000,Single,3.636962,3.405937,0.020206,0.050000,0.000005,6.957498,0.048388,13.003319
