SubjectID,width,sound2,threshold,slope,lapse,guess,eta,deviance,residuals,loglikelihood
IB274,0.250000,Sa,3.140822,3.164223,0.025707,0.173325,0.000000,5.309791,0.036671,19.340419
IB274,0.250000,Sha,4.997717,0.431192,0.000001,0.128763,0.000000,3.490804,0.079369,42.818395
IB274,0.250000,Single,3.140980,2.307316,0.037109,0.077529,0.000000,3.042091,0.015159,21.687985
