SubjectID,width,sound2,threshold,slope,lapse,guess,eta,deviance,residuals,loglikelihood
JB783,0.200000,Ba,4.021316,3.155955,0.051087,0.000000,0.000000,2.326375,0.008288,13.433131
JB783,0.200000,Da,3.617200,3.607585,0.000003,0.066767,0.000000,7.339085,0.054041,8.254854
JB783,0.200000,Single,4.099525,2.438921,0.000000,0.000000,0.000002,3.584891,0.039938,11.734141
