SubjectID,width,sound2,threshold,slope,lapse,guess,eta,deviance,residuals,loglikelihood
HB664,0.300000,Sa,2.538119,3.399133,0.000000,0.064499,0.000000,1.232990,0.013527,9.752489
HB664,0.300000,Sha,2.990223,2.611977,0.000000,0.196776,0.000002,2.882154,0.044654,18.718946
HB664,0.300000,Single,2.737933,1.718393,0.137273,0.000000,0.000000,4.894538,0.070067,28.699892
