SubjectID,width,sound2,threshold,slope,lapse,guess,eta,deviance,residuals,loglikelihood
JB403,0.450000,Sa,0.966083,0.147222,0.219960,0.420090,0.000000,11.924163,0.261874,39.759226
JB403,0.450000,Sha,4.604805,2.999958,0.386248,0.346531,0.000000,1.624735,0.038138,45.447751
JB403,0.450000,Single,3.911502,2.989752,0.322437,0.371552,0.000000,2.742854,0.061766,44.343132
