SubjectID,width,sound2,threshold,slope,lapse,guess,eta,deviance,residuals,loglikelihood
KB678,0.200000,Ba,3.613394,3.021907,0.156326,0.037573,0.000000,2.100641,0.015083,25.869181
KB678,0.200000,Da,3.961591,2.551902,0.000000,0.046763,0.000000,2.042416,0.010337,16.482606
KB678,0.200000,Single,3.258328,3.128340,0.118031,0.132077,0.000000,6.019880,0.063274,26.973799
