SubjectID,width,sound2,threshold,slope,lapse,guess,eta,deviance,residuals,loglikelihood
JB561,0.200000,Ba,3.797964,3.243238,0.084553,0.000000,0.000004,4.430207,0.030571,14.363497
JB561,0.200000,Da,3.429512,2.979334,0.066351,0.034720,0.000000,3.115357,0.012784,19.760538
JB561,0.200000,Single,3.381587,3.718039,0.025943,0.000000,0.000099,5.541690,0.028228,6.501659
