SubjectID,width,sound2,threshold,slope,lapse,guess,eta,deviance,residuals,loglikelihood
JB783,0.350000,Sa,2.994244,1.819320,0.000000,0.000000,0.000000,4.628042,0.068112,15.468116
JB783,0.350000,Sha,4.663332,3.109236,0.050088,0.000000,0.000000,1.854597,0.006706,12.610302
JB783,0.350000,Single,3.805807,3.070744,0.224772,0.161076,0.000000,11.154070,0.163554,31.275915
