SubjectID,width,sound2,threshold,slope,lapse,guess,eta,deviance,residuals,loglikelihood
IB217,0.100000,Sa,3.579505,3.166932,0.100000,0.079228,0.000294,9.024044,0.083138,22.618351
IB217,0.100000,Sha,3.573382,3.561022,0.100000,0.069435,0.000130,9.948674,0.090512,21.513732
IB217,0.100000,Single,4.355350,0.482953,0.042502,0.100000,0.000000,6.277740,0.129465,40.662490
