SubjectID,width,sound2,threshold,slope,lapse,guess,eta,deviance,residuals,loglikelihood
HB429,0.050000,Ba,4.459421,0.448631,0.000000,0.000630,0.000000,10.661244,0.184105,36.991542
HB429,0.050000,Da,4.141298,0.489046,0.050000,0.048142,0.000000,5.911450,0.120605,40.041016
HB429,0.050000,Single,3.396835,0.693955,0.050000,0.000001,0.000000,1.664954,0.034330,37.183203
