SubjectID,width,sound2,threshold,slope,lapse,guess,eta,deviance,residuals,loglikelihood
IB642,0.200000,Ba,4.633346,0.362912,0.200000,0.200000,0.000000,8.657500,0.189154,42.791293
IB642,0.200000,Da,2.926066,0.214422,0.200000,0.000000,0.000880,3.911155,0.092768,45.165961
IB642,0.200000,Single,7.005637,0.147222,0.120195,0.178660,0.000000,6.577566,0.161705,46.690698
