SubjectID,width,sound2,threshold,slope,lapse,guess,eta,deviance,residuals,loglikelihood
JB783,0.400000,Ba,4.026016,3.141139,0.050069,0.000000,0.000000,2.338919,0.008544,13.433131
JB783,0.400000,Da,3.614945,3.618250,0.000000,0.065408,0.000039,7.319664,0.053606,8.254854
JB783,0.400000,Single,4.099291,2.435586,0.000001,0.000000,0.000000,3.584889,0.039858,11.734141
