SubjectID,width,sound2,threshold,slope,lapse,guess,eta,deviance,residuals,loglikelihood
JB561,0.450000,Sa,4.234962,2.120860,0.112663,0.188178,0.000001,3.813218,0.032771,33.056212
JB561,0.450000,Sha,3.888693,2.615926,0.086806,0.000000,0.000001,3.255114,0.021650,18.437156
JB561,0.450000,Single,3.561062,3.078546,0.194549,0.139139,0.000000,1.987949,0.029860,33.731018
