SubjectID,width,sound2,threshold,slope,lapse,guess,eta,deviance,residuals,loglikelihood
JB578,0.250000,Ba,4.797113,3.277639,0.234630,0.051528,0.000000,7.565741,0.050097,22.846808
JB578,0.250000,Da,4.514922,2.834267,0.000000,0.128028,0.000000,3.746602,0.026169,21.120716
JB578,0.250000,Single,3.589599,1.197794,0.000000,0.032683,0.000000,2.703721,0.039776,25.869181
