SubjectID,width,sound2,threshold,slope,lapse,guess,eta,deviance,residuals,loglikelihood
HB429,0.450000,Sa,3.928645,3.386044,0.032035,0.100635,0.000000,10.887789,0.077581,16.089589
HB429,0.450000,Sha,3.993903,3.070696,0.424220,0.137798,0.000000,5.715400,0.062385,36.481295
HB429,0.450000,Single,3.586130,2.556056,0.054734,0.000000,0.000000,1.871866,0.006315,17.614327
