SubjectID,width,sound2,threshold,slope,lapse,guess,eta,deviance,residuals,loglikelihood
HB742,0.200000,Ba,5.815619,0.322503,0.000055,0.200000,0.000001,3.510645,0.081115,45.165961
HB742,0.200000,Da,1.614019,0.147222,0.199752,0.175285,0.000000,8.126921,0.195784,45.988790
HB742,0.200000,Single,2.336987,0.527778,0.199994,0.000144,0.000041,1.026547,0.022045,44.343132
