SubjectID,width,sound2,threshold,slope,lapse,guess,eta,deviance,residuals,loglikelihood
JB675,0.400000,Ba,3.706877,3.395360,0.185067,0.000001,0.000000,3.252063,0.036019,20.472140
JB675,0.400000,Da,3.915048,3.342830,0.000001,0.032271,0.000000,3.656498,0.012016,9.980946
JB675,0.400000,Single,3.644304,3.412530,0.020246,0.068135,0.000000,6.774704,0.049670,13.003319
