SubjectID,width,sound2,threshold,slope,lapse,guess,eta,deviance,residuals,loglikelihood
GB593,0.300000,Ba,1.588946,0.343568,0.300000,0.000113,0.000000,3.923192,0.095157,45.246396
GB593,0.300000,Da,0.663675,0.147222,0.240543,0.299643,0.000000,7.444226,0.176615,43.923014
GB593,0.300000,Single,4.017860,1.409895,0.000000,0.118701,0.000000,2.470354,0.022321,27.202257
