SubjectID,width,sound2,threshold,slope,lapse,guess,eta,deviance,residuals,loglikelihood
JB675,0.050000,Sa,2.702431,2.510585,0.050000,0.050000,0.000080,3.930127,0.019629,21.486630
JB675,0.050000,Sha,3.191941,3.365379,0.023277,0.000000,0.000000,4.414679,0.015230,9.359473
JB675,0.050000,Single,2.665450,3.104186,0.050000,0.000153,0.000000,5.063995,0.031717,20.865156
