SubjectID,width,sound2,threshold,slope,lapse,guess,eta,deviance,residuals,loglikelihood
HB205,0.250000,Ba,3.361854,3.027175,0.184372,0.079707,0.000000,4.651779,0.048989,29.375570
HB205,0.250000,Da,3.587822,3.556559,0.054970,0.032725,0.000000,7.089999,0.045351,13.003319
HB205,0.250000,Single,3.152478,2.995140,0.217403,0.188495,0.000000,1.908970,0.031251,37.210305
