SubjectID,width,sound2,threshold,slope,lapse,guess,eta,deviance,residuals,loglikelihood
JB561,0.100000,Ba,3.804206,3.221800,0.083170,0.000000,0.000000,4.451740,0.031307,14.363497
JB561,0.100000,Da,3.429318,2.978792,0.066396,0.034715,0.000000,3.115441,0.012791,19.760538
JB561,0.100000,Single,3.383257,3.721016,0.025742,0.000000,0.000008,5.535424,0.028082,6.501659
