SubjectID,width,sound2,threshold,slope,lapse,guess,eta,deviance,residuals,loglikelihood
JB658,0.050000,Ba,4.332580,2.101699,0.050000,0.000060,0.000045,3.528354,0.028685,19.988995
JB658,0.050000,Da,3.904110,1.291509,0.000000,0.050000,0.000000,2.133515,0.024358,26.692009
JB658,0.050000,Single,4.236876,1.628831,0.000044,0.011203,0.000000,4.767624,0.031219,18.437156
