SubjectID,width,sound2,threshold,slope,lapse,guess,eta,deviance,residuals,loglikelihood
HB617,0.250000,Ba,6.899648,3.117667,0.000191,0.198400,0.000000,3.304785,0.052585,34.835637
HB617,0.250000,Da,5.920115,0.874804,0.118117,0.192046,0.000000,1.174883,0.025183,41.092302
HB617,0.250000,Single,2.603661,0.700928,0.011372,0.000701,0.000000,5.449651,0.078342,32.098744
