SubjectID,width,sound2,threshold,slope,lapse,guess,eta,deviance,residuals,loglikelihood
JB561,0.400000,Ba,3.799717,3.227108,0.082855,0.000000,0.000000,4.445995,0.030795,14.363497
JB561,0.400000,Da,3.430106,2.979896,0.066717,0.034306,0.000038,3.115480,0.012773,19.760538
JB561,0.400000,Single,3.382386,3.718963,0.025670,0.000000,0.000000,5.539664,0.028145,6.501659
