SubjectID,width,sound2,threshold,slope,lapse,guess,eta,deviance,residuals,loglikelihood
KB678,0.350000,Sa,4.889347,1.554172,0.161772,0.350000,0.000000,1.093953,0.025393,43.238513
KB678,0.350000,Sha,4.999520,0.327137,0.103857,0.280092,0.000000,0.678993,0.016692,46.690698
KB678,0.350000,Single,3.349957,3.214381,0.059119,0.000000,0.000000,2.298528,0.011520,14.756513
