SubjectID,width,sound2,threshold,slope,lapse,guess,eta,deviance,residuals,loglikelihood
JB716,0.200000,Sa,0.324631,2.997706,0.200000,0.200000,0.000008,3.650746,0.064835,36.105686
JB716,0.200000,Sha,3.231116,3.179963,0.200000,0.139821,0.000013,3.253682,0.052528,34.835637
JB716,0.200000,Single,3.349773,2.493876,0.200000,0.000000,0.000000,2.300163,0.029431,27.202257
