SubjectID,width,sound2,threshold,slope,lapse,guess,eta,deviance,residuals,loglikelihood
JB403,0.250000,Ba,6.639539,0.778593,0.000155,0.235815,0.000000,3.343842,0.077009,41.794211
JB403,0.250000,Da,6.925634,0.254584,0.000066,0.209695,0.000129,7.677810,0.182797,43.520303
JB403,0.250000,Single,7.259732,0.147222,0.249999,0.188075,0.000133,12.857846,0.302111,42.196921
