SubjectID,width,sound2,threshold,slope,lapse,guess,eta,deviance,residuals,loglikelihood
IB707,0.500000,Sa,3.881199,3.041419,0.032910,0.146899,0.000000,3.187242,0.014607,23.239825
IB707,0.500000,Sha,4.419490,3.517049,0.031424,0.081587,0.000000,8.698272,0.064200,14.756513
IB707,0.500000,Single,4.142084,3.242628,0.137142,0.194214,0.000000,6.067648,0.064763,31.101662
