SubjectID,width,sound2,threshold,slope,lapse,guess,eta,deviance,residuals,loglikelihood
HB213,0.050000,Ba,4.870217,0.539078,0.050000,0.000000,0.000000,11.800058,0.175990,33.851938
HB213,0.050000,Da,3.858427,1.456821,0.050000,0.050000,0.000000,6.641902,0.063220,28.243849
HB213,0.050000,Single,3.588870,0.543911,0.050000,0.000000,0.000000,4.116378,0.086335,39.446645
