SubjectID,width,sound2,threshold,slope,lapse,guess,eta,deviance,residuals,loglikelihood
HB639,0.150000,Sa,2.696873,3.141085,0.041966,0.133108,0.000000,4.171181,0.031524,19.760538
HB639,0.150000,Sha,3.350409,3.143359,0.150000,0.000000,0.000002,7.566916,0.090612,19.988995
HB639,0.150000,Single,2.646791,2.647525,0.052981,0.000000,0.000033,4.219072,0.023199,18.235800
