SubjectID,width,sound2,threshold,slope,lapse,guess,eta,deviance,residuals,loglikelihood
HB205,0.450000,Sa,3.591922,3.635538,0.029527,0.031940,0.000032,7.442723,0.039763,9.752489
HB205,0.450000,Sha,3.426811,3.010162,0.091023,0.000000,0.000000,3.136005,0.019545,18.262902
HB205,0.450000,Single,3.934597,2.967442,0.449999,0.403383,0.000000,2.905372,0.070339,46.471935
