SubjectID,width,sound2,threshold,slope,lapse,guess,eta,deviance,residuals,loglikelihood
IB274,0.050000,Ba,3.373538,2.065079,0.049733,0.050000,0.000000,1.874490,0.010041,24.115986
IB274,0.050000,Da,3.210594,3.343203,0.050000,0.047410,0.000000,8.284346,0.047757,17.614327
IB274,0.050000,Single,2.801202,2.485638,0.000000,0.000003,0.000000,1.080842,0.009444,12.610302
