SubjectID,width,sound2,threshold,slope,lapse,guess,eta,deviance,residuals,loglikelihood
HB664,0.400000,Ba,4.348346,1.110932,0.170846,0.045782,0.000000,3.223417,0.028692,33.310900
HB664,0.400000,Da,4.838395,1.092049,0.000021,0.000000,0.000000,6.150416,0.058280,24.152782
HB664,0.400000,Single,4.177608,3.070081,0.086483,0.127703,0.000000,0.900125,0.010740,27.988290
