SubjectID,width,sound2,threshold,slope,lapse,guess,eta,deviance,residuals,loglikelihood
IB640,0.100000,Ba,4.445031,1.105907,0.100000,0.000000,0.000000,3.079635,0.043854,29.831613
IB640,0.100000,Da,3.779080,0.515418,0.000042,0.100000,0.000000,8.585186,0.140412,37.411660
IB640,0.100000,Single,4.133844,1.054642,0.046525,0.078428,0.000000,1.743028,0.035067,33.220771
