SubjectID,width,sound2,threshold,slope,lapse,guess,eta,deviance,residuals,loglikelihood
JB578,0.150000,Sa,2.624159,0.799143,0.098445,0.150000,0.000000,5.541298,0.116782,36.279939
JB578,0.150000,Sha,3.415020,3.170675,0.127800,0.048115,0.000000,6.717826,0.056153,22.618351
JB578,0.150000,Single,3.128908,1.845791,0.132722,0.150000,0.000000,1.021671,0.014341,34.553847
