SubjectID,width,sound2,threshold,slope,lapse,guess,eta,deviance,residuals,loglikelihood
GB208,0.450000,Sa,3.788991,3.469010,0.032335,0.000000,0.000045,3.925618,0.013463,9.359473
GB208,0.450000,Sha,3.813683,3.459580,0.000000,0.000068,0.000000,1.633018,0.005422,6.108643
GB208,0.450000,Single,3.479727,3.436519,0.028773,0.000000,0.000000,3.171459,0.014931,9.752489
