SubjectID,width,sound2,threshold,slope,lapse,guess,eta,deviance,residuals,loglikelihood
GB208,0.400000,Sa,3.787615,3.473242,0.032499,0.000102,0.000000,3.925187,0.013370,9.359473
GB208,0.400000,Sha,3.811425,3.458942,0.000000,0.000000,0.000000,1.629826,0.005313,6.108643
GB208,0.400000,Single,3.477918,3.436828,0.029887,0.000000,0.000142,3.169135,0.015011,9.752489
