SubjectID,width,sound2,threshold,slope,lapse,guess,eta,deviance,residuals,loglikelihood
JB476,0.050000,Sa,3.008061,0.414904,0.049996,0.000174,0.000000,6.855906,0.141523,40.242372
JB476,0.050000,Sha,4.652363,0.583213,0.005787,0.050000,0.000000,3.150159,0.052195,39.137753
JB476,0.050000,Single,4.263217,0.303744,0.050000,0.000000,0.000000,6.335424,0.149763,42.415685
