SubjectID,width,sound2,threshold,slope,lapse,guess,eta,deviance,residuals,loglikelihood
JB724,0.200000,Sa,2.824569,3.014592,0.147516,0.177000,0.000000,1.031054,0.013344,33.247873
JB724,0.200000,Sha,3.631765,3.237047,0.031927,0.083281,0.000000,3.008735,0.014665,18.244834
JB724,0.200000,Single,2.339114,3.058228,0.200000,0.178177,0.000555,2.057941,0.037079,39.446645
