SubjectID,width,sound2,threshold,slope,lapse,guess,eta,deviance,residuals,loglikelihood
HB631,0.300000,Ba,5.067119,1.853375,0.000135,0.299999,0.000042,11.335924,0.242496,33.959475
HB631,0.300000,Da,4.089293,3.002106,0.299994,0.299997,0.000037,1.748836,0.037227,43.916301
HB631,0.300000,Single,1.290734,2.603199,0.300000,0.250182,0.000000,8.527180,0.183628,43.211411
