SubjectID,width,sound2,threshold,slope,lapse,guess,eta,deviance,residuals,loglikelihood
HB631,0.350000,Sa,4.348990,1.873661,0.247760,0.215446,0.000000,1.938738,0.032159,40.041016
HB631,0.350000,Sha,3.642487,1.748352,0.121954,0.227160,0.000000,1.137940,0.016489,36.078584
HB631,0.350000,Single,4.451453,3.018050,0.142031,0.325255,0.000000,0.855863,0.014689,38.936398
