SubjectID,width,sound2,threshold,slope,lapse,guess,eta,deviance,residuals,loglikelihood
IB707,0.250000,Sa,3.881233,3.041055,0.032955,0.147015,0.000000,3.187391,0.014609,23.239825
IB707,0.250000,Sha,4.421652,3.504567,0.029706,0.082327,0.000000,8.721734,0.064333,14.756513
IB707,0.250000,Single,4.142473,3.242759,0.137210,0.194480,0.000000,6.067544,0.064764,31.101662
