SubjectID,width,sound2,threshold,slope,lapse,guess,eta,deviance,residuals,loglikelihood
HB631,0.050000,Sa,4.458694,0.556859,0.050000,0.050000,0.000000,3.450140,0.058934,40.041016
HB631,0.050000,Sha,3.239559,0.799514,0.050000,0.050000,0.000000,1.592016,0.024692,36.078584
HB631,0.050000,Single,3.684466,0.510785,0.000000,0.050000,0.000000,5.160684,0.105459,38.936398
