SubjectID,width,sound2,threshold,slope,lapse,guess,eta,deviance,residuals,loglikelihood
HB742,0.150000,Sa,2.808956,0.147222,0.150000,0.109419,0.000000,10.629606,0.261252,45.246396
HB742,0.150000,Sha,2.264096,0.147222,0.150000,0.050683,0.000695,3.640364,0.088599,46.471935
HB742,0.150000,Single,2.733917,0.147222,0.149798,0.062618,0.000000,9.251056,0.226037,45.027632
