SubjectID,width,sound2,threshold,slope,lapse,guess,eta,deviance,residuals,loglikelihood
HB429,0.200000,Sa,3.934658,3.365849,0.033401,0.101960,0.000000,10.911467,0.077961,16.089589
HB429,0.200000,Sha,5.292171,0.858146,0.199960,0.140920,0.000000,8.798264,0.124323,36.481295
HB429,0.200000,Single,3.584592,2.544848,0.054893,0.000000,0.000000,1.872011,0.006231,17.614327
