SubjectID,width,sound2,threshold,slope,lapse,guess,eta,deviance,residuals,loglikelihood
JB710,0.300000,Ba,4.750270,0.884818,0.276998,0.039054,0.000000,6.200960,0.099549,32.827755
JB710,0.300000,Da,4.047964,3.149867,0.124895,0.135355,0.000000,9.224184,0.084174,26.298993
JB710,0.300000,Single,3.798429,1.255209,0.000014,0.000000,0.000104,5.617299,0.072353,22.198232
