SubjectID,width,sound2,threshold,slope,lapse,guess,eta,deviance,residuals,loglikelihood
JB561,0.100000,Sa,4.002743,1.462749,0.099553,0.100000,0.000000,4.942072,0.044550,33.056212
JB561,0.100000,Sha,3.889445,2.614041,0.086927,0.000001,0.000000,3.255202,0.021637,18.437156
JB561,0.100000,Single,3.636328,2.957277,0.100000,0.100000,0.000000,4.850963,0.060051,33.731018
