SubjectID,width,sound2,threshold,slope,lapse,guess,eta,deviance,residuals,loglikelihood
GB593,0.250000,Sa,2.939361,0.147428,0.234888,0.249985,0.000063,3.507366,0.085296,46.471935
GB593,0.250000,Sha,7.077640,0.147222,0.250000,0.188288,0.000313,7.566890,0.179137,43.721658
GB593,0.250000,Single,5.209557,0.147224,0.180653,0.249914,0.000034,10.189651,0.245720,44.544487
