SubjectID,width,sound2,threshold,slope,lapse,guess,eta,deviance,residuals,loglikelihood
HB631,0.100000,Ba,3.438434,0.422194,0.000000,0.099969,0.000000,18.278927,0.377101,33.959475
HB631,0.100000,Da,3.906392,0.383412,0.099999,0.090397,0.000000,3.297258,0.074671,43.916301
HB631,0.100000,Single,2.470823,0.147222,0.034353,0.100000,0.002094,10.733353,0.239454,43.211411
