SubjectID,width,sound2,threshold,slope,lapse,guess,eta,deviance,residuals,loglikelihood
HB639,0.100000,Ba,3.905798,2.069968,0.081903,0.000000,0.000000,1.734094,0.022101,21.486630
HB639,0.100000,Da,2.594749,1.970527,0.000010,0.000000,0.000000,1.517200,0.007608,15.468116
HB639,0.100000,Single,2.768950,3.376934,0.093900,0.000000,0.000000,1.634506,0.010309,19.111962
