SubjectID,width,sound2,threshold,slope,lapse,guess,eta,deviance,residuals,loglikelihood
JB403,0.350000,Sa,0.064738,2.990830,0.350000,0.350000,0.000001,11.975563,0.262848,39.759226
JB403,0.350000,Sha,4.683235,3.001123,0.350000,0.345722,0.000000,1.752281,0.040983,45.447751
JB403,0.350000,Single,3.874142,2.993051,0.322360,0.350000,0.000002,2.798713,0.062910,44.343132
