SubjectID,width,sound2,threshold,slope,lapse,guess,eta,deviance,residuals,loglikelihood
HB664,0.050000,Ba,4.683099,0.801111,0.050000,0.012706,0.000000,3.408666,0.030033,33.310900
HB664,0.050000,Da,4.836987,1.094165,0.000009,0.000000,0.000000,6.150243,0.058412,24.152782
HB664,0.050000,Single,4.084647,1.776676,0.049898,0.050000,0.000000,3.667990,0.039200,27.988290
