SubjectID,width,sound2,threshold,slope,lapse,guess,eta,deviance,residuals,loglikelihood
GB383,0.350000,Ba,3.948359,1.802677,0.042855,0.000000,0.000001,4.665395,0.063442,18.718946
GB383,0.350000,Da,3.118792,3.132202,0.103314,0.350000,0.000000,7.136545,0.057053,30.399754
GB383,0.350000,Single,3.027302,1.217010,0.054218,0.000000,0.000000,7.026568,0.086553,26.097638
